{
	"info": {
		"_postman_id": "e2fa2b68-1d9d-42b1-94fe-a708cbf60fee",
		"name": "Ejercicios_Rest",
		"schema": "https://schema.getpostman.com/json/collection/v2.1.0/collection.json"
	},
	"item": [
		{
			"name": "/api/users - findAll",
			"request": {
				"method": "GET",
				"header": [],
				"url": {
					"raw": "http://localhost:8081/api/users",
					"protocol": "http",
					"host": [
						"localhost"
					],
					"port": "8081",
					"path": [
						"api",
						"users"
					]
				}
			},
			"response": []
		},
		{
			"name": "/api/users/1 - findOneById",
			"request": {
				"method": "GET",
				"header": [],
				"url": {
					"raw": "http://localhost:8081/api/users/1",
					"protocol": "http",
					"host": [
						"localhost"
					],
					"port": "8081",
					"path": [
						"api",
						"users",
						"1"
					]
				}
			},
			"response": []
		},
		{
			"name": "/api/users - create",
			"request": {
				"method": "POST",
				"header": [],
				"url": {
					"raw": "http://localhost:8081/api/users",
					"protocol": "http",
					"host": [
						"localhost"
					],
					"port": "8081",
					"path": [
						"api",
						"users"
					]
				}
			},
			"response": []
		},
		{
			"name": "/api/users - update",
			"request": {
				"method": "PUT",
				"header": [],
				"url": {
					"raw": "http://localhost:8081/api/users",
					"protocol": "http",
					"host": [
						"localhost"
					],
					"port": "8081",
					"path": [
						"api",
						"users"
					]
				}
			},
			"response": []
		},
		{
			"name": "/api/users/1 - delete",
			"request": {
				"method": "DELETE",
				"header": [],
				"url": {
					"raw": "http://localhost:8081/api/users/4",
					"protocol": "http",
					"host": [
						"localhost"
					],
					"port": "8081",
					"path": [
						"api",
						"users",
						"4"
					]
				}
			},
			"response": []
		},
		{
			"name": "/api/users - deleteAll",
			"request": {
				"method": "DELETE",
				"header": [],
				"url": {
					"raw": "http://localhost:8081/api/users",
					"protocol": "http",
					"host": [
						"localhost"
					],
					"port": "8081",
					"path": [
						"api",
						"users"
					]
				}
			},
			"response": []
		}
	]
}