{
	"info": {
		"_postman_id": "94cf91d8-9f41-4ef1-836d-0255e0424a85",
		"name": "Ejercicios_Rest",
		"schema": "https://schema.getpostman.com/json/collection/v2.1.0/collection.json"
	},
	"item": [
		{
			"name": "Api IntelliJ",
			"item": [
				{
					"name": "/api/users - findAll",
					"request": {
						"method": "GET",
						"header": [],
						"url": {
							"raw": "http://localhost:8081/api/users",
							"protocol": "http",
							"host": [
								"localhost"
							],
							"port": "8081",
							"path": [
								"api",
								"users"
							]
						}
					},
					"response": []
				},
				{
					"name": "/api/users/1 - findOneById",
					"request": {
						"method": "GET",
						"header": [],
						"url": {
							"raw": "http://localhost:8081/api/users/1",
							"protocol": "http",
							"host": [
								"localhost"
							],
							"port": "8081",
							"path": [
								"api",
								"users",
								"1"
							]
						}
					},
					"response": []
				},
				{
					"name": "/api/users - create",
					"request": {
						"auth": {
							"type": "basic",
							"basic": [
								{
									"key": "password",
									"value": "1",
									"type": "string"
								},
								{
									"key": "username",
									"value": "1",
									"type": "string"
								}
							]
						},
						"method": "POST",
						"header": [],
						"body": {
							"mode": "raw",
							"raw": "{\r\n        \"name\": \"Davide\",\r\n        \"surname\": \"Pietro\",\r\n        \"email\": \"davidepie90@gmail.com\",\r\n        \"gender\": \"Hombre\",\r\n        \"date_of_birth\": \"1990-10-20\",\r\n        \"term_and_condition\": true\r\n    }",
							"options": {
								"raw": {
									"language": "json"
								}
							}
						},
						"url": {
							"raw": "http://localhost:8081/api/users",
							"protocol": "http",
							"host": [
								"localhost"
							],
							"port": "8081",
							"path": [
								"api",
								"users"
							]
						}
					},
					"response": []
				},
				{
					"name": "/api/users - update",
					"request": {
						"auth": {
							"type": "basic",
							"basic": [
								{
									"key": "password",
									"value": "1",
									"type": "string"
								},
								{
									"key": "username",
									"value": "1",
									"type": "string"
								}
							]
						},
						"method": "PUT",
						"header": [],
						"body": {
							"mode": "raw",
							"raw": "{\r\n        \"id\": 3,\r\n        \"name\": \"María\",\r\n        \"surname\": \"Fernandez\",\r\n        \"email\": \"m.rodri@gmail.com\",\r\n        \"gender\": \"Mujer\",\r\n        \"date_of_birth\": \"1995-05-19\",\r\n        \"term_and_condition\": true\r\n    }",
							"options": {
								"raw": {
									"language": "json"
								}
							}
						},
						"url": {
							"raw": "http://localhost:8081/api/users",
							"protocol": "http",
							"host": [
								"localhost"
							],
							"port": "8081",
							"path": [
								"api",
								"users"
							]
						}
					},
					"response": []
				},
				{
					"name": "/api/users/1 - delete",
					"request": {
						"method": "DELETE",
						"header": [],
						"url": {
							"raw": "http://localhost:8081/api/users/4",
							"protocol": "http",
							"host": [
								"localhost"
							],
							"port": "8081",
							"path": [
								"api",
								"users",
								"4"
							]
						}
					},
					"response": []
				},
				{
					"name": "/easteregg",
					"request": {
						"method": "GET",
						"header": [],
						"url": {
							"raw": "http://localhost:8081/easteregg",
							"protocol": "http",
							"host": [
								"localhost"
							],
							"port": "8081",
							"path": [
								"easteregg"
							]
						}
					},
					"response": []
				},
				{
					"name": "Home",
					"request": {
						"auth": {
							"type": "basic",
							"basic": [
								{
									"key": "password",
									"value": "bootcamp",
									"type": "string"
								},
								{
									"key": "username",
									"value": "diabolik",
									"type": "string"
								}
							]
						},
						"method": "GET",
						"header": [],
						"url": {
							"raw": "http://localhost:8081/",
							"protocol": "http",
							"host": [
								"localhost"
							],
							"port": "8081",
							"path": [
								""
							]
						}
					},
					"response": []
				},
				{
					"name": "/api/users - deleteAll",
					"request": {
						"method": "DELETE",
						"header": [],
						"url": {
							"raw": "http://localhost:8081/api/users",
							"protocol": "http",
							"host": [
								"localhost"
							],
							"port": "8081",
							"path": [
								"api",
								"users"
							]
						}
					},
					"response": []
				}
			]
		},
		{
			"name": "Api Heroku",
			"item": [
				{
					"name": "Home",
					"request": {
						"auth": {
							"type": "basic",
							"basic": [
								{
									"key": "password",
									"value": "bootcamp",
									"type": "string"
								},
								{
									"key": "username",
									"value": "diabolik",
									"type": "string"
								}
							]
						},
						"method": "GET",
						"header": [],
						"url": {
							"raw": "https://ob-spring-ex.herokuapp.com/",
							"protocol": "https",
							"host": [
								"ob-spring-ex",
								"herokuapp",
								"com"
							],
							"path": [
								""
							]
						}
					},
					"response": []
				},
				{
					"name": "/easteregg",
					"request": {
						"method": "GET",
						"header": []
					},
					"response": []
				},
				{
					"name": "/api/users - findAll",
					"request": {
						"method": "GET",
						"header": []
					},
					"response": []
				},
				{
					"name": "/api/users/1 - findOneById",
					"request": {
						"method": "GET",
						"header": []
					},
					"response": []
				},
				{
					"name": "/api/users - create",
					"request": {
						"method": "POST",
						"header": [],
						"body": {
							"mode": "raw",
							"raw": "",
							"options": {
								"raw": {
									"language": "json"
								}
							}
						},
						"url": {
							"raw": "https://ob-spring-ex.herokuapp.com/api/users",
							"protocol": "https",
							"host": [
								"ob-spring-ex",
								"herokuapp",
								"com"
							],
							"path": [
								"api",
								"users"
							]
						}
					},
					"response": []
				},
				{
					"name": "/api/users - update",
					"request": {
						"method": "PUT",
						"header": [],
						"url": {
							"raw": "https://ob-spring-ex.herokuapp.com/api/users",
							"protocol": "https",
							"host": [
								"ob-spring-ex",
								"herokuapp",
								"com"
							],
							"path": [
								"api",
								"users"
							]
						}
					},
					"response": []
				},
				{
					"name": "/api/users/1 - delete",
					"request": {
						"method": "DELETE",
						"header": [],
						"body": {
							"mode": "raw",
							"raw": "",
							"options": {
								"raw": {
									"language": "json"
								}
							}
						},
						"url": {
							"raw": "https://ob-spring-ex.herokuapp.com/api/users/1",
							"protocol": "https",
							"host": [
								"ob-spring-ex",
								"herokuapp",
								"com"
							],
							"path": [
								"api",
								"users",
								"1"
							]
						}
					},
					"response": []
				}
			]
		}
	]
}